Date,TXN_50_sma,TXN_100_sma,TXN_200_sma,AMAT_50_sma,AMAT_100_sma,AMAT_200_sma,COUR_50_sma,COUR_100_sma,COUR_200_sma,GNRC_50_sma,GNRC_100_sma,GNRC_200_sma,IDCC_50_sma,IDCC_100_sma,IDCC_200_sma,LLY_50_sma,LLY_100_sma,LLY_200_sma,NICE_50_sma,NICE_100_sma,NICE_200_sma,NOK_50_sma,NOK_100_sma,NOK_200_sma,WFC_50_sma,WFC_100_sma,WFC_200_sma,REGN_50_sma,REGN_100_sma,REGN_200_sma,AMD_50_sma,AMD_100_sma,AMD_200_sma,GRAL_50_sma,GRAL_100_sma,GRAL_200_sma,KLAC_50_sma,KLAC_100_sma,KLAC_200_sma
2025-03-31 00:00:00-04:00,184.55828857421875,189.08664733886718,192.46897445678712,166.19061431884765,169.8517218017578,187.00579452514648,7.820199975967407,7.921699995994568,7.782799990177154,140.28880004882814,156.5188999938965,153.99140014648438,203.55166381835937,195.7989892578125,164.31816806793213,841.6038635253906,811.309125366211,851.6565551757812,158.58779907226562,168.44159942626953,169.9823494720459,4.913379669189453,4.6326921892166135,4.332311435937881,75.16891235351562,73.28915824890137,65.07559223175049,681.6980261230469,714.4170623779297,891.5680053710937,109.18039978027343,120.54710021972656,137.60005043029784,33.43750015258789,25.69800006866455,20.29685001373291,723.8602368164062,687.9450750732422,728.27966796875
2025-04-01 00:00:00-04:00,184.30014068603515,188.84694229125978,192.38485092163086,165.27424713134766,169.4995574951172,186.55490104675292,7.785199975967407,7.919499998092651,7.781799991130828,139.59059997558595,156.0747999572754,153.90955017089843,204.21437622070312,196.19174407958985,164.75680274963378,843.2157312011718,811.3271636962891,851.3674468994141,158.44159912109376,168.2975993347168,169.88689949035646,4.930428495407105,4.639641785621643,4.340308153629303,75.06167419433594,73.37156703948975,65.15042156219482,680.42580078125,712.3124090576172,889.5242694091797,108.80679977416992,120.16780014038086,137.31275039672852,33.591100158691404,25.809200077056886,20.3540500164032,722.3977014160156,688.1686993408204,727.5828713989258
2025-04-02 00:00:00-04:00,183.99064361572266,188.62103134155274,192.31483406066894,164.3832452392578,169.12198150634765,186.114923248291,7.751199979782104,7.915099997520446,7.782049992084503,138.8729998779297,155.53849990844728,153.8696501159668,204.94288177490233,196.58885528564454,165.2143577194214,844.7555200195312,811.4756323242187,851.0635507202148,158.2851989746094,168.15959930419922,169.83464950561523,4.945706977844238,4.646296768188477,4.3488389432430266,74.95809173583984,73.45978324890137,65.23012144088744,679.2012634277344,710.2877447509766,887.5290539550781,108.42039978027344,119.78080009460449,137.02805042266846,33.744100151062014,25.93150007247925,20.413250012397768,720.8150952148437,688.36044921875,726.8936825561524
2025-04-03 00:00:00-04:00,183.36788604736327,188.13327285766601,192.18701988220215,163.19560791015624,168.61203018188476,185.61649459838867,7.712399988174439,7.90539999961853,7.780499992370605,138.0113998413086,154.85989990234376,153.77300010681154,205.45486907958986,196.80025466918946,165.6252723312378,845.4821765136719,811.6285913085937,850.6385366821289,157.9923989868164,167.91019927978516,169.74684951782226,4.95365273475647,4.650564928054809,4.355972628593445,74.72956405639648,73.39980400085449,65.27641633987427,677.832939453125,708.2411492919922,885.4094369506836,107.82139984130859,119.26780006408691,136.69890041351317,33.78890014648437,26.042100067138673,20.464550008773802,717.835263671875,687.9067205810547,725.904139099121
2025-04-04 00:00:00-04:00,182.42101623535157,187.49320236206054,191.99083992004395,161.93296310424805,167.95151191711426,185.04651020050048,7.6663999843597415,7.894400000572205,7.778749992847443,137.1217999267578,154.11139984130858,153.65275009155275,205.78582641601562,196.92477478027342,166.00007213592528,844.9418627929688,811.0642309570312,849.9270660400391,157.5975991821289,167.4700993347168,169.61804954528807,4.956060047149658,4.652654418945312,4.361776235103608,74.40992553710937,73.31925636291504,65.29528781890869,675.4305187988281,705.7451184082031,883.0600158691407,107.07579986572266,118.62720001220703,136.3357004547119,33.714500160217284,26.11560007095337,20.497900009155273,714.1899389648438,686.8474755859374,724.5745852661133
2025-04-07 00:00:00-04:00,181.82295501708984,186.85194381713868,191.8010418701172,160.8665788269043,167.3702725982666,184.48132472991944,7.617399988174438,7.881999998092652,7.777549991607666,136.18620010375977,153.32439979553223,153.51160007476807,206.16124389648436,197.0550685119629,166.3945790863037,843.7377563476563,810.0163110351563,849.1113122558594,157.30199920654297,167.0411993408203,169.52029960632325,4.960028867721558,4.6542451238632205,4.367132836580277,74.11613456726074,73.2444079208374,65.31612188339233,673.3906799316406,703.2031066894531,880.7384640502929,106.29179992675782,117.9841000366211,135.9807504272461,33.62180015563965,26.210550079345705,20.537575006484985,711.3266296386719,686.0559490966797,723.3136590576172
2025-04-08 00:00:00-04:00,181.03672088623046,186.1749655151367,191.5885845184326,159.9649659729004,166.78468467712403,183.93557750701905,7.546999998092652,7.8690999984741214,7.774699993133545,135.11860000610352,152.39249977111817,153.33325008392333,206.43079467773438,197.09316467285157,166.77174076080323,842.1302600097656,808.984487915039,848.3352471923828,156.73519927978515,166.54289932250975,169.4082996368408,4.9636000061035155,4.655440135002136,4.372437709569931,73.80828155517578,73.14372505187988,65.33694786071777,670.8540014648438,700.5289538574219,878.3108520507812,105.55579986572266,117.29269996643066,135.56290042877197,33.52980014801025,26.27145007133484,20.542925004959105,709.2991845703125,685.4256622314454,722.1942901611328
2025-04-09 00:00:00-04:00,180.84347930908203,185.7613137817383,191.47912841796875,159.51179885864258,166.4255623626709,183.516071434021,7.495199985504151,7.865499997138977,7.77654999256134,134.42779998779298,151.63579971313476,153.22150009155274,206.95797882080078,197.2838343811035,167.22612079620362,841.1344018554687,808.3618688964843,847.7067294311523,156.45959930419923,166.14839935302734,169.35214965820313,4.973507633209229,4.660000247955322,4.37903294801712,73.58615234375,73.08491439819336,65.38310695648194,668.6826245117187,698.1002783203126,875.9390139770508,105.20919982910156,116.82479988098144,135.24095043182373,33.48700012207031,26.36955006599426,20.581325006484985,709.33857421875,685.8432904052735,721.6572744750977
2025-04-10 00:00:00-04:00,180.40032592773437,185.28924224853515,191.31358703613282,158.78113265991212,165.9897811126709,183.06686771392822,7.4357999897003175,7.858299999237061,7.776349992752075,133.6336001586914,150.80949981689454,153.07150009155274,207.41749114990233,197.47534774780274,167.66689277648925,839.5020153808593,807.4820391845703,846.8836087036133,156.12019927978517,165.64699935913086,169.28584968566895,4.9816289806365965,4.663864064216614,4.384840925931931,73.29027587890624,72.99239707946778,65.4088106918335,665.8867956542969,695.5349908447265,873.3621481323243,104.63619979858399,116.31879981994629,134.88320041656493,33.408600120544435,26.437800073623656,20.60190001487732,708.2491357421875,685.9973394775391,720.9998776245117
2025-04-11 00:00:00-04:00,179.68026916503905,184.72517639160156,191.10070617675783,158.05594680786132,165.5889492034912,182.62912631988524,7.402399988174438,7.85539999961853,7.777899992465973,132.79360015869142,150.0485998535156,152.9418000793457,207.7724935913086,197.69407485961915,168.10525634765625,837.7176013183594,806.9713903808594,846.0458636474609,155.8723992919922,165.3511993408203,169.23789970397948,4.98740671157837,4.668819875717163,4.391342539787292,72.97355796813964,72.89361545562744,65.44036836624146,663.3301049804687,693.2650866699219,870.7877758789062,104.12699981689452,115.86439987182617,134.54895042419435,33.243600120544436,26.512300071716307,20.63320001602173,706.8417883300781,686.2811968994141,720.2904278564453
2025-04-14 00:00:00-04:00,179.01335876464844,184.2426564025879,190.9112370300293,157.3498435974121,165.35395149230956,182.1997424697876,7.38519998550415,7.8546000003814695,7.779649991989135,132.07560012817382,149.3646997833252,152.83565006256103,208.15958404541016,197.9010578918457,168.53990440368653,836.6131726074219,807.0655352783203,845.3342300415039,155.60199920654296,165.1511993408203,169.18814964294432,4.995549325942993,4.674269142150879,4.398233958482742,72.66897148132324,72.78546100616455,65.47578762054444,661.3119604492188,691.420025024414,868.3077999877929,103.69799987792969,115.46039993286132,134.23375045776368,33.13500011444092,26.612800073623657,20.673800020217897,705.5128637695312,686.865698852539,719.6032125854492
2025-04-15 00:00:00-04:00,178.42319366455078,183.70247329711913,190.721156539917,156.69292922973634,165.10976585388184,181.77316234588622,7.3683999824523925,7.855599999427795,7.78009999036789,131.44460006713868,148.6755997467041,152.72115009307862,208.58981231689452,198.10760864257813,168.98124225616456,835.5781811523437,807.3772076416016,844.5980813598633,155.44459930419922,164.96229934692383,169.11939964294433,5.006469135284424,4.6813038635253905,4.405627388954162,72.4060913848877,72.6941021347046,65.51636571884156,659.1534655761719,689.3919006347656,865.8534191894531,103.31839996337891,115.02400001525879,133.9128504562378,33.07690010070801,26.73215006828308,20.727675018310546,704.2692224121093,687.4378009033203,718.9393447875976
2025-04-16 00:00:00-04:00,177.74874786376952,183.1765202331543,190.50277870178223,155.89600234985352,164.80728004455565,181.29324710845947,7.349999980926514,7.857399997711181,7.779399991035461,130.80640014648438,147.98269973754884,152.61330009460448,208.85000122070312,198.25853775024413,169.39026107788087,833.7868786621094,807.4413317871093,843.7689364624024,155.06939910888673,164.7423992919922,169.0129496002197,5.013603687286377,4.690795249938965,4.412481281757355,72.10574752807617,72.60370559692383,65.54454030990601,656.2202905273438,687.4511242675782,863.3551043701171,102.69419998168945,114.51300003051757,133.5432504272461,33.0413000869751,26.84925006866455,20.783325018882753,702.1654626464843,687.7163067626954,718.0580297851562
2025-04-17 00:00:00-04:00,177.09135650634767,182.69765411376954,190.2934307861328,155.04253341674806,164.48580299377443,180.80265872955323,7.342599983215332,7.8608999967575075,7.780599989891052,130.1968002319336,147.2979997253418,152.50610008239747,208.9968618774414,198.33843307495118,169.76211330413818,833.7714904785156,808.3179974365235,843.4193731689453,154.60139923095704,164.53019927978517,168.91869956970214,5.0197473239898684,4.6995996522903445,4.4189508295059206,71.8084440612793,72.51908462524415,65.57048580169678,653.1719897460938,685.6614086914062,860.8962200927734,102.20399993896484,114.01199996948242,133.19230041503906,32.89350009918213,26.968350067138672,20.843525018692016,699.7111889648437,687.9057525634765,717.1217590332031
2025-04-21 00:00:00-04:00,176.34432983398438,182.19062881469728,190.05149688720704,154.108790435791,164.08907005310058,180.28550868988037,7.3313999843597415,7.862499995231628,7.780549988746643,129.47420013427734,146.52859970092774,152.35250007629395,208.44176177978517,198.3480909729004,170.09404071807862,832.7565197753906,809.0104803466797,842.9983734130859,153.99999938964845,164.2550993347168,168.78999961853026,5.025296411514282,4.709188795089721,4.425222194194793,71.47010047912597,72.41513118743896,65.5910950088501,649.9836340332031,683.843549194336,858.4906271362305,101.71199981689453,113.49269989013672,132.79855041503907,32.762100067138675,27.068750076293945,20.900375018119814,696.9318200683593,687.7966857910156,716.0614239501953
2025-04-22 00:00:00-04:00,175.68515350341798,181.69697479248046,189.8127384185791,153.28540481567381,163.728314743042,179.76988445281984,7.317799987792969,7.864999995231629,7.782099988460541,128.84540008544923,145.74449966430663,152.21570007324217,208.10659698486327,198.32732009887695,170.44263538360596,831.7733569335937,809.8169958496094,842.667633972168,153.55199951171875,163.96419937133788,168.67589965820312,5.034610967636109,4.720366725921631,4.4327278280258176,71.18287635803223,72.32207355499267,65.62425729751587,647.5153039550781,682.33015625,856.3074240112305,101.28599990844727,112.97179985046387,132.41035045623778,32.71170009613037,27.200600090026857,20.97137502193451,694.7439880371094,687.7792413330078,715.0082568359375
2025-04-23 00:00:00-04:00,175.12671752929688,181.20824081420898,189.60143074035645,152.49449478149415,163.42349281311036,179.2841516494751,7.308999986648559,7.86199999332428,7.784149987697601,128.14519989013672,144.92829971313478,152.06350006103514,207.80939880371093,198.31515441894533,170.80558094024659,831.0156066894531,810.5726361083985,842.2644845581054,153.10319946289061,163.64119934082032,168.57694961547853,5.044123697280884,4.73154664516449,4.44013983130455,70.96089424133301,72.23671977996827,65.67100086212159,645.4858215332031,680.7255456542969,854.0854434204101,100.88419982910156,112.46439979553223,132.00280048370362,32.71950008392334,27.36140007019043,21.06417501449585,692.8953100585937,687.9178369140625,714.0492770385742
2025-04-24 00:00:00-04:00,174.78721405029296,180.83795089721679,189.42658279418944,151.84416427612305,163.1978148651123,178.81294857025148,7.303999986648559,7.861299991607666,7.786649987697602,127.58659973144532,144.14379974365235,151.9216000366211,207.50323699951173,198.28280792236328,171.16369186401369,830.9401245117188,811.28884765625,841.9955419921876,152.74919952392577,163.36129943847655,168.4809496307373,5.043330974578858,4.7385627555847165,4.445370742082596,70.76039421081543,72.16302410125732,65.7287786102295,644.1908142089844,679.2047564697266,851.8330734252929,100.55159988403321,112.03189979553223,131.5817004776001,32.81030002593994,27.563100051879882,21.178875007629394,691.5487475585937,688.5101434326172,713.1952822875977
2025-04-25 00:00:00-04:00,174.44751220703125,180.49222229003905,189.26171730041503,151.26731857299805,163.00460121154785,178.3229683303833,7.3191999912261965,7.866799993515015,7.794849987030029,126.79539978027344,143.36869979858398,151.77180000305177,207.18863311767578,198.2668864440918,171.53338905334473,831.2010290527344,812.2639093017578,841.778388671875,152.41139953613282,163.112999420166,168.39239959716798,5.042934608459473,4.746768617630005,4.4513911020755765,70.57103324890137,72.09240482330323,65.78315385818482,642.9852368164062,677.6943756103516,849.5862060546875,100.25019989013671,111.63599975585937,131.1794504547119,32.76910007476807,27.760600051879884,21.294800009727478,690.4663842773438,689.1475555419922,712.3258093261719
2025-04-28 00:00:00-04:00,174.0834182739258,180.1242185974121,189.07796264648437,150.60806228637696,162.77008293151854,177.81186267852783,7.325799989700317,7.870699996948242,7.80149998664856,126.1277996826172,142.62119979858397,151.62845001220703,206.7939324951172,198.2637387084961,171.9006921005249,831.339345703125,813.0952893066407,841.4889065551757,151.97019958496094,162.85029937744142,168.31544960021972,5.041349153518677,4.75408332824707,4.456530569791794,70.3836612701416,72.02909420013428,65.83681848526001,641.7361877441406,676.3124456787109,847.2951641845704,99.94179992675781,111.22809982299805,130.74160041809083,32.45550006866455,27.95460006713867,21.40980001926422,689.092939453125,689.627880859375,711.3654516601563
2025-04-29 00:00:00-04:00,173.6419842529297,179.73227432250977,188.90356124877928,150.22393112182618,162.43803871154785,177.36248310089113,7.317399988174438,7.872200002670288,7.807249987125397,125.45559951782226,141.87909980773927,151.45240001678468,206.5321893310547,198.3142248535156,172.29764694213867,832.1562707519531,813.961275024414,841.2669021606446,151.57399932861327,162.57199935913087,168.24629959106446,5.040952787399292,4.761992583274841,4.4620642149448395,70.2070302581787,71.99120044708252,65.89663921356201,639.6627404785156,674.3907678222656,844.7490573120117,99.60099990844726,110.76809982299805,130.31220039367676,32.091200065612796,28.135350074768066,21.52097502231598,687.8739147949219,689.861528930664,710.5714974975585
2025-04-30 00:00:00-04:00,173.1453305053711,179.39151412963867,188.72322776794434,149.8072215270996,162.1186560821533,176.90828716278077,7.317199983596802,7.873400001525879,7.813799986839294,124.86579956054688,141.1542997741699,151.25459999084472,206.22003479003905,198.3345053100586,172.70255321502685,832.9895629882812,814.8296887207031,841.0426916503907,151.16179931640625,162.27679946899414,168.154599609375,5.040952787399292,4.769804744720459,4.467454687356949,70.01269645690918,71.96369373321534,65.97368753433227,638.0577673339844,672.8944982910157,842.2533538818359,99.26239990234374,110.32179985046386,129.8909003829956,31.838500022888184,28.2867000579834,21.619400014877318,686.7994787597656,690.2453088378907,709.8274362182617
2025-05-01 00:00:00-04:00,172.41734466552734,179.03856246948243,188.53447860717773,149.31462265014648,161.80172050476074,176.43471660614014,7.320399980545044,7.8736999988555905,7.819649987220764,124.27079956054688,140.45529968261718,151.04384994506836,205.9310791015625,198.3612141418457,173.10740970611573,831.5335473632813,814.4872674560547,840.2850735473633,150.7125991821289,161.913299407959,168.04319953918457,5.041745519638061,4.778207459449768,4.473184330463409,69.84282829284668,71.95483165740967,66.04890365600586,636.1649633789062,671.2639874267578,839.8033673095703,98.9015998840332,109.84839981079102,129.47500038146973,31.4363000869751,28.4093000793457,21.703900022506716,684.870244140625,690.3609454345703,708.949810180664
2025-05-02 00:00:00-04:00,171.6628515625,178.78413467407228,188.353371963501,148.897608795166,161.63684272766113,175.9903226852417,7.325999994277954,7.875100002288819,7.824499988555909,123.79059936523437,139.80109970092772,150.82049995422364,205.8241061401367,198.55050872802735,173.5518058013916,830.5455725097656,814.481484375,839.718752746582,150.78859924316407,161.58069946289064,167.9214995574951,5.043132791519165,4.785925846099854,4.47945460319519,69.7467554473877,71.95982303619385,66.12176012039184,634.3594299316406,669.6533215332031,837.367092590332,98.59419998168946,109.42279983520508,129.08125038146972,31.19660015106201,28.542950096130372,21.785525026321412,683.31962890625,690.9295599365234,708.1362893676758
2025-05-05 00:00:00-04:00,170.90542694091798,178.50772430419923,188.17327911376952,148.55119400024415,161.45722953796385,175.67112957000734,7.337400007247925,7.8786000061035155,7.829499990940094,123.36179946899414,139.1748996734619,150.6128999710083,205.8663818359375,198.72160934448243,174.00475925445556,829.5033093261719,814.4432861328125,839.3204797363281,150.84099914550782,161.26269943237304,167.80759956359864,5.045430974960327,4.794293217658996,4.485607970952987,69.67415367126465,71.95868091583252,66.19159381866456,632.4272839355468,667.921664428711,834.9674041748046,98.38919998168946,109.04279983520507,128.78705039978027,31.06720012664795,28.66935007095337,21.857725019454957,682.1362768554687,691.3925567626953,707.7216900634766
2025-05-06 00:00:00-04:00,170.14638916015625,178.21456909179688,187.9787156677246,148.24127487182616,161.27340171813964,175.35604564666747,7.349400014877319,7.879800004959106,7.837299993038178,122.86819961547852,138.54329963684083,150.39679996490477,205.97234985351562,198.94529937744142,174.46724418640136,827.3820568847656,814.1730651855469,838.9725039672852,150.7591989135742,160.96729934692382,167.7013995361328,5.048921890258789,4.801285772323609,4.493218021392822,69.59976188659668,71.97078220367432,66.26774164199828,629.3372497558594,665.6403479003907,832.4342947387695,98.19940002441406,108.72029991149903,128.50130039215088,30.80440013885498,28.772750072479248,21.933925018310546,680.9760693359375,691.6770745849609,707.2116021728516
2025-05-07 00:00:00-04:00,169.47642272949219,177.9905992126465,187.83553741455077,148.0472267150879,161.15400596618653,175.09142650604247,7.362400026321411,7.882500009536743,7.845249996185303,122.41359970092773,137.99029960632325,150.19459995269776,206.04929595947266,199.1442269897461,174.92439723968505,824.8855749511719,813.9586614990235,838.5899536132813,150.93679901123048,160.75709930419922,167.61909957885743,5.0512291622161865,4.808578324317932,4.500832710266113,69.54366950988769,71.98554080963135,66.34244646072388,626.0912463378907,663.4778344726562,829.931467590332,98.12740005493164,108.44649993896485,128.24520038604737,30.6364001083374,28.914800071716307,22.02457501411438,680.3651403808594,692.2150463867188,706.8974057006836
2025-05-08 00:00:00-04:00,168.85796203613282,177.76016860961914,187.6636753845215,147.7977360534668,161.007056350708,174.76232280731202,7.3786000156402585,7.887100009918213,7.853449995517731,122.04259963989257,137.47839958190917,149.99864994049074,206.11005767822266,199.33158813476564,175.3733472442627,821.6210656738281,813.5274407958984,838.0391003417968,151.31439910888673,160.5625993347168,167.5307996368408,5.054720077514649,4.815472455024719,4.507861325740814,69.48121208190918,72.00604579925538,66.4182371520996,622.9105444335937,661.2377642822265,827.3318222045898,98.0666000366211,108.16199996948242,127.97435039520263,30.48100009918213,29.071200065612793,22.12442501068115,679.6630297851563,692.7732257080078,706.3953652954101
2025-05-09 00:00:00-04:00,168.50972717285157,177.59593948364258,187.56183181762697,147.77719467163087,160.87661277770997,174.45019588470458,7.398200016021729,7.894100008010864,7.860749995708465,121.7395994567871,136.95309959411622,149.81399990081786,206.16423950195312,199.50343505859374,175.8218507003784,818.2162451171876,813.0640509033203,837.3428384399414,151.74299896240234,160.2834992980957,167.43289962768554,5.060798263549804,4.8227697324752805,4.515175274610519,69.40617317199707,72.02986804962158,66.4891400527954,619.4157067871093,659.1185052490234,824.7035293579102,98.13319992065429,107.88439987182618,127.7185503768921,30.399300117492675,29.215400066375732,22.22377501487732,679.7037329101563,693.3324523925781,705.891865234375
2025-05-12 00:00:00-04:00,168.36868560791015,177.5829914855957,187.53508674621582,147.97503189086913,160.86693199157716,174.26477939605712,7.418800010681152,7.901000003814698,7.869399995803833,121.56079956054687,136.55269958496095,149.68974990844725,206.25565521240233,199.74599868774413,176.3083168029785,814.9217980957031,812.7427862548828,836.842785949707,152.23939910888672,160.05679931640626,167.3481996154785,5.06967098236084,4.830674872398377,4.523234759569168,69.34591987609863,72.08155307769775,66.57331596374512,616.9571398925781,657.5734741210938,822.2877560424805,98.29839996337891,107.6964998626709,127.53600036621094,30.34790012359619,29.35370008468628,22.329075021743776,680.7338525390625,694.4116882324219,705.941061706543
2025-05-13 00:00:00-04:00,168.2777734375,177.60020812988282,187.5184306335449,148.39184646606446,160.90691139221192,174.12534450531007,7.447200012207031,7.904700002670288,7.877799997329712,121.524599609375,136.17169967651367,149.57119995117188,206.55013763427735,200.0127980041504,176.8240398788452,811.2561120605469,812.4274353027344,836.4874157714844,152.76339935302735,159.86199935913086,167.27329963684082,5.073981885910034,4.838478446006775,4.5304120969772335,69.33352577209473,72.12909740447998,66.66177236557007,614.7462060546875,656.077886352539,819.8480392456055,98.5829998779297,107.55419982910156,127.40670032501221,30.479100074768066,29.555200080871582,22.464300017356873,682.8238208007813,695.8207836914063,706.1321075439453
2025-05-14 00:00:00-04:00,168.16073760986328,177.62201400756837,187.47396423339845,148.81604049682616,160.9487070465088,173.97088809967042,7.471400003433228,7.905599994659424,7.868899993896484,121.54039947509766,135.80569961547852,149.41659996032715,206.7948159790039,200.23204315185546,177.30888233184814,807.3541101074219,811.8114935302734,836.0621444702149,153.26019958496093,159.65789947509765,167.21564964294433,5.079069156646728,4.845283589363098,4.53709055185318,69.40112464904786,72.19112079620362,66.74830978393555,612.6666784667968,654.4033569335937,817.3223425292969,98.92239990234376,107.48119987487793,127.2953503036499,30.306200065612792,29.647900066375733,22.547150015830994,684.9387292480469,697.3331024169922,706.2467767333984
2025-05-15 00:00:00-04:00,168.0390249633789,177.6794290161133,187.4324822998047,149.2035383605957,161.04523475646974,173.82393085479737,7.496199998855591,7.910099992752075,7.866899991035462,121.48819931030273,135.50239967346192,149.2767999649048,207.04883728027343,200.50864440917968,177.78969066619874,803.4335461425782,811.5110656738282,835.7095993041992,153.51719970703124,159.45149948120118,167.12159965515136,5.080409154891968,4.853974571228028,4.544269006252289,69.43781730651855,72.26653209686279,66.83530328750611,610.6264916992187,653.1181268310547,814.8718753051758,99.18879989624024,107.41699981689453,127.17155029296875,30.32000011444092,29.85690008163452,22.664900026321412,686.7381982421875,699.0953765869141,706.410276184082
2025-05-16 00:00:00-04:00,168.05425872802735,177.74876052856445,187.39867340087892,149.4833430480957,161.09011711120604,173.67494060516358,7.5276000022888185,7.916099996566772,7.864199991226196,121.45919937133789,135.2355997467041,149.14614994049072,207.24539459228515,200.81630966186523,178.27779247283937,800.3634887695313,811.5380688476563,835.5723568725585,153.85339965820313,159.33019943237304,167.0381996154785,5.081947336196899,4.862271847724915,4.551056386232376,69.5163452911377,72.34695278167725,66.92319608688355,608.5471643066406,651.9895843505859,812.4649475097656,99.55519989013672,107.3998998260498,127.06520027160644,30.449200096130372,30.08460008621216,22.786800026893616,688.7142407226562,700.7952069091797,706.5971478271484
2025-05-19 00:00:00-04:00,168.04289184570314,177.79286972045898,187.34392135620118,149.68796127319337,161.11729927062987,173.4512186050415,7.5600000095367434,7.920599994659423,7.861499991416931,121.30659927368164,134.96249977111816,149.01249996185302,207.30051361083986,201.10610061645508,178.75607177734375,798.1096643066406,811.4404559326172,835.3538919067382,154.21739959716797,159.24999938964845,166.9731996154785,5.083098239898682,4.871069121360779,4.558093764781952,69.62429847717286,72.41142757415771,67.01376024246215,606.3310375976563,650.9470318603516,810.0621725463867,99.84379989624023,107.35519981384277,126.9165002822876,30.556200065612792,30.283400077819824,22.901050024032592,690.2628051757813,702.4008721923828,706.4547778320313
2025-05-20 00:00:00-04:00,168.11884338378906,177.80849365234374,187.34225730895997,150.0018684387207,161.1038855743408,173.3052054977417,7.593800001144409,7.923399991989136,7.861149988174438,121.22379943847656,134.6922998046875,148.92129997253417,207.41893524169922,201.37422515869142,179.15660789489746,796.4886108398438,810.9777160644531,834.955034790039,154.6259994506836,159.17809936523437,166.92194961547852,5.08743278503418,4.880369544029236,4.565334490537643,69.8063858795166,72.46852298736572,67.11363569259643,603.7522119140625,649.963345336914,807.6854895019532,100.18139999389649,107.24429985046386,126.82135032653808,30.70080005645752,30.48940008163452,23.01445002555847,692.5339868164062,703.8540032958985,706.6603726196289
2025-05-21 00:00:00-04:00,168.31044677734374,177.76857940673827,187.35284233093262,150.3058039855957,161.0465180206299,173.21351390838623,7.623600006103516,7.924799995422363,7.86029999256134,121.05439956665039,134.3739998626709,148.82130001068114,207.47008514404297,201.6087632751465,179.553716506958,794.5401245117188,810.3004541015625,834.5848266601563,154.99419952392577,159.04409942626953,166.87324966430663,5.092169151306153,4.889576263427735,4.573214061260224,69.9319278717041,72.49192707061768,67.21953632354736,601.5026000976562,648.884541015625,805.3125561523437,100.48739990234375,107.10199981689453,126.71915031433106,30.839200019836426,30.675900077819826,23.118800020217897,694.8602905273438,705.1683520507812,707.1063046264649
2025-05-22 00:00:00-04:00,168.4303729248047,177.68355361938475,187.3680322265625,150.5434571838379,160.98480827331542,173.1151760482788,7.654600009918213,7.925399999618531,7.862299995422363,120.90639953613281,134.05249984741212,148.7292000579834,207.4840283203125,201.79943588256836,179.94385017395018,792.4405480957031,809.5409344482422,834.3108761596679,155.414599609375,158.89999938964843,166.8360496520996,5.096314611434937,4.899179840087891,4.581780241727829,70.0286498260498,72.51564861297608,67.33200313568115,599.66994140625,647.7059973144532,802.955171508789,100.68579986572266,106.95849983215332,126.59860027313232,30.997600021362306,30.86950008392334,23.226950025558473,696.6353698730469,706.3881091308593,707.4588735961914
2025-05-23 00:00:00-04:00,168.51374359130858,177.56484130859374,187.3355108642578,150.70316055297852,160.90016151428222,172.9947546005249,7.6884000110626225,7.926199998855591,7.8650999975204465,120.82259963989257,133.73129989624024,148.64875007629394,207.57770446777343,201.98353118896483,180.3239599609375,790.7145446777344,808.8758020019532,833.9404849243164,155.7865997314453,158.76489944458007,166.79524963378907,5.10006007194519,4.908484983444214,4.590344190597534,70.12352058410644,72.5402029800415,67.44049812316895,597.8446228027344,646.4850360107422,800.5806173706055,100.9297998046875,106.8096997833252,126.49925029754638,31.262800025939942,31.0753000831604,23.34260003089905,698.1815026855469,707.5416918945313,707.696629333496
2025-05-27 00:00:00-04:00,168.67999145507812,177.54722213745117,187.3517700958252,150.8353877258301,160.89045127868653,172.91970851898193,7.720400009155274,7.928699998855591,7.868199996948242,120.73559951782227,133.44449981689453,148.59380004882811,207.47873718261718,202.15147201538085,180.7051259613037,788.9826245117188,808.4187170410156,833.7321279907227,156.15199981689454,158.6884994506836,166.78709968566895,5.102629156112671,4.919080681800843,4.599160369634628,70.19405204772949,72.5832848739624,67.55513488769532,596.5920983886718,645.5111041259765,798.2726351928711,101.20159973144531,106.73089973449707,126.42870029449463,31.514800033569337,31.312300090789794,23.46620002746582,699.7369482421875,709.1253552246094,708.1854824829102
2025-05-28 00:00:00-04:00,168.79364288330078,177.54313201904296,187.3274526977539,150.9668034362793,160.8883893585205,172.78382595062257,7.756800012588501,7.93210000038147,7.872899997234344,120.57699966430664,133.13949981689453,148.50890007019044,207.3659292602539,202.35800033569336,181.08032341003417,786.9089672851562,807.921664428711,833.1312582397461,156.42719970703126,158.6381994628906,166.75614967346192,5.10360915184021,4.929377956390381,4.607583243846893,70.2595825958252,72.62544933319091,67.66617683410645,594.8807141113281,644.3259399414062,795.6804806518554,101.36699981689453,106.65159973144532,126.3114002609253,31.75400005340576,31.544700088500978,23.584400024414062,700.9556481933594,710.6284552001953,708.3462002563476
2025-05-29 00:00:00-04:00,168.93480346679686,177.55295394897462,187.31266448974608,151.09490890502929,160.85289100646972,172.6342728805542,7.794200010299683,7.937200002670288,7.878299996852875,120.42479965209961,132.8122998046875,148.40865005493163,207.2824850463867,202.5499594116211,181.46081367492675,784.9438171386719,807.3959399414063,832.3160147094727,156.7565997314453,158.6168995666504,166.80574966430663,5.103194599151611,4.938979949951172,4.615708348751068,70.3353424835205,72.67590854644776,67.7791508102417,593.7089318847657,643.2476550292969,793.0668228149414,101.55739974975586,106.5755997467041,126.20520023345948,32.01240001678467,31.776500072479248,23.70910001754761,702.2691491699219,712.0315570068359,708.5165640258789
2025-05-30 00:00:00-04:00,168.98775115966797,177.50633605957032,187.28790977478027,151.14946792602538,160.7285099029541,172.46160915374756,7.827000017166138,7.940400009155273,7.882749998569489,120.19399963378906,132.44479972839355,148.30320003509522,207.22455352783203,202.70051986694335,181.86052032470704,782.991259765625,806.9822625732422,831.6125225830078,157.03559967041016,158.57819946289064,166.86064964294434,5.101369132995606,4.947085089683533,4.623085685968399,70.3836823272705,72.7179836654663,67.89691873550414,590.0871685791016,640.9887521362305,789.9282252502442,101.64739974975586,106.42919975280762,126.07500022888183,32.22040000915527,31.966100063323974,23.824300017356872,703.0491125488281,713.0608074951172,708.5481741333008
2025-06-02 00:00:00-04:00,169.08891998291017,177.45688110351563,187.2445803833008,151.21602279663085,160.53550941467284,172.2533562850952,7.868000020980835,7.945000009536743,7.888450000286102,119.939599609375,132.0505997467041,148.18715000152588,207.18291473388672,202.85769393920899,182.25364547729492,781.1167297363281,806.83125,830.8387353515625,157.26359954833984,158.53089935302734,166.8873496246338,5.101938219070434,4.95530282497406,4.630375297069549,70.43559623718262,72.75233318328857,68.0104015159607,586.6705181884765,638.753996887207,786.6065910339355,101.79719970703125,106.27999969482421,125.94250019073486,32.41420001983643,32.14440006256103,23.932600016593934,704.0031237792969,713.8143060302734,708.4278063964844
2025-06-03 00:00:00-04:00,169.3008041381836,177.44583068847658,187.2286191558838,151.41704971313476,160.38382621765138,172.06334224700927,7.907000017166138,7.9499000072479244,7.895,119.85379959106446,131.71289978027343,148.1009999847412,207.27856353759765,203.21205276489258,182.68297691345214,779.4151965332031,806.6352459716796,829.9659014892578,157.53739959716796,158.57229934692384,166.9057996368408,5.103503675460815,4.963131580352783,4.637619372606277,70.50611015319824,72.80033725738525,68.12464756011963,583.2775457763672,636.349729309082,783.2775364685059,102.014599609375,106.1797996520996,125.82530017852783,32.57939998626709,32.351200046539304,24.048400011062622,705.423056640625,714.7112579345703,708.3738912963868
2025-06-04 00:00:00-04:00,169.43638977050782,177.46659378051757,187.19495872497558,151.56543655395507,160.2423003387451,171.82375545501708,7.9464000225067135,7.958100004196167,7.9,119.64839965820312,131.40069984436036,147.99280002593994,207.3306790161133,203.54534286499023,183.12434326171876,777.4693811035156,806.4510662841797,829.162399597168,157.94979949951173,158.6829992675781,166.91789962768556,5.1060727596282955,4.971365056037903,4.644773486852646,70.53621589660645,72.84583919525147,68.23306642532349,579.7756475830079,633.8833517456055,779.8417366027832,102.10919967651367,106.14719970703125,125.68140018463134,32.73699993133545,32.574700031280514,24.16910000324249,706.5452111816406,715.7020654296875,708.134345703125
2025-06-05 00:00:00-04:00,169.5979150390625,177.49991928100587,187.1669930267334,151.78514938354493,160.17650093078612,171.61493488311768,7.977800016403198,7.963500003814698,7.903049998283386,119.45159973144531,131.08959983825685,147.87135005950927,207.36065338134765,203.96356002807616,183.58923568725587,775.7708520507813,806.1389624023437,828.4051416015625,158.28899963378908,158.8259992980957,166.9111996459961,5.108241844177246,4.980776495933533,4.65197425365448,70.55751747131347,72.90247463226318,68.33534614562988,576.7729559326172,631.7644625854492,776.376791229248,102.12679977416992,106.14369972229004,125.51705020904541,32.902799949645996,32.79230005264282,24.282800011634826,707.9806823730469,716.8221276855469,708.0262850952148
2025-06-06 00:00:00-04:00,169.78772796630858,177.5432926940918,187.14804168701173,152.11489456176758,160.14406089782716,171.40380657196044,8.011000022888183,7.969700002670288,7.906199998855591,119.33419967651368,130.77239990234375,147.73565002441407,207.46883178710937,204.44400634765626,184.05644271850585,774.6670764160157,805.8929681396485,827.6704254150391,158.64179962158204,158.93679931640625,166.86989959716797,5.11219820022583,4.990880069732666,4.658688411712647,70.62273490905761,72.96776905059815,68.43926553726196,573.8534423828125,629.5474249267578,772.8749884033203,102.24679977416992,106.13239974975586,125.32160022735596,33.102199974060056,32.9902000617981,24.39065001010895,710.0637707519531,718.0243579101563,707.9944067382812
2025-06-09 00:00:00-04:00,170.18731018066407,177.63084533691406,187.15384887695313,152.56546951293944,160.11436378479004,171.23160442352295,8.049400033950805,7.9735000038146975,7.909700002670288,119.2815998840332,130.45199996948242,147.61765007019042,207.74053649902345,204.9537809753418,184.5279406738281,773.7414929199218,806.2089959716797,826.8148211669921,158.97359954833985,158.9975993347168,166.85384956359863,5.117743654251099,5.000789933204651,4.665551455020904,70.71422248840332,73.0278316116333,68.54531089782715,571.5076000976562,627.8337701416016,769.5182708740234,102.54839981079101,106.18879981994628,125.14825027465821,33.331199951171875,33.209500045776366,24.51050000667572,712.6831921386719,719.337265625,708.1130499267579
2025-06-10 00:00:00-04:00,170.7363424682617,177.70972900390626,187.14655242919923,153.14789596557617,160.07740928649903,171.06464092254637,8.086400022506714,7.973000001907349,7.911100001335144,119.35620010375976,130.1588000488281,147.50900009155274,207.98572662353516,205.41909637451172,184.9584698486328,773.4687426757813,806.8415924072266,826.1166708374024,159.40759948730468,159.09799926757813,166.84464950561522,5.1214909267425535,5.008915538787842,4.671965613365173,70.81713645935059,73.03068653106689,68.64970102310181,569.2498046875,626.0541613769532,766.2255590820313,102.94879974365234,106.22159980773925,124.97540027618408,33.63559997558594,33.455200061798095,24.636650013923646,716.3753466796875,720.7739709472656,708.290919494629
2025-06-11 00:00:00-04:00,171.14694519042968,177.8526168823242,187.14384590148927,153.66992568969727,159.93027000427247,170.92515949249267,8.124300031661987,7.972250003814697,7.913825001716614,119.4186001586914,129.85370010375976,147.40630012512207,208.3111099243164,205.93138687133788,185.40454582214355,773.1736328125,807.3887481689453,825.4189553833007,159.89379943847655,159.2407992553711,166.85639945983885,5.122727108001709,5.018053388595581,4.678293690681458,70.88817054748534,73.02854145050048,68.74913118362427,566.9597229003906,624.3288745117187,762.8975799560546,103.29869979858398,106.23954978942871,124.81807529449463,33.98879997253418,33.713150062561034,24.769950013160706,720.0613977050781,721.9608172607421,708.6402291870118
